Feature,Importance
annual_inc,0.07871720900229268
dti,0.02990073524914938
revol_bal,0.029284231435385385
mort_acc,0.017946849656731587
pub_rec,0.0176128318492006
total_acc,0.017397006024613203
open_acc,0.007383927802549688
application_type_JOINT,0.0067079194550174704
purpose_house,0.005426267569958041
purpose_vacation,0.005184908062759356
int_rate,0.004713410192445748
purpose_medical,0.004336775061268022
earliest_cr_year,0.0031288450432860465
application_type_INDIVIDUAL,0.0025712202019984526
purpose_wedding,0.0021126263691586744
purpose_small_business,0.0019511432112041022
purpose_credit_card,0.0012995172162493548
purpose_major_purchase,0.0011782161392275218
verification_status_Source Verified,0.0010141619090560563
purpose_moving,0.0009511794726133159
purpose_debt_consolidation,0.0008714219180177529
purpose_other,0.0006183916700980803
RENT,0.0004748186444981046
installment,0.0003766263912540591
loan_amnt,0.00034890241174946655
revol_util,0.0003417683218934636
term,0.0002919914230419573
initial_list_status_w,0.0
verification_status_Verified,0.0
pub_rec_bankruptcies,0.0
purpose_home_improvement,0.0
purpose_educational,0.0
purpose_renewable_energy,0.0
OWN,0.0
OTHER,0.0
